timestamp,username,login_hour,failed_logins,files_accessed,download_mb,new_ip
2026-08-04 22:52:54.343021,user03,10,0,12,49,0
2026-08-04 22:51:54.343043,user01,16,2,17,62,0
2026-08-04 22:50:54.343050,user03,18,2,6,88,0
2026-08-04 22:49:54.343055,user03,15,2,6,84,1
2026-08-04 22:48:54.343061,user05,8,2,19,82,1
2026-08-04 22:47:54.343066,user05,18,1,5,90,0
2026-08-04 22:46:54.343071,user04,10,1,11,78,0
2026-08-04 22:45:54.343076,user05,12,1,27,74,1
2026-08-04 22:44:54.343081,user04,16,1,23,0,0
2026-08-04 22:43:54.343086,user02,15,2,5,89,0
2026-08-04 22:42:54.343090,user05,16,2,9,56,0
2026-08-04 22:41:54.343095,user01,16,2,26,9,0
2026-08-04 22:40:54.343106,user03,9,2,20,74,1
2026-08-04 22:39:54.343111,user03,14,2,26,92,1
2026-08-04 22:38:54.343115,user01,10,2,14,51,0
2026-08-04 22:37:54.343119,user05,13,0,26,65,0
2026-08-04 22:36:54.343124,user03,14,2,24,78,1
2026-08-04 22:35:54.343128,user05,9,0,15,36,0
2026-08-04 22:34:54.343133,user03,8,0,27,17,0
2026-08-04 22:33:54.343138,user04,11,2,10,45,0
2026-08-04 22:32:54.343142,user01,10,0,27,82,0
2026-08-04 22:31:54.343146,user03,15,0,8,11,1
2026-08-04 22:30:54.343151,user04,17,1,10,50,0
2026-08-04 22:29:54.343155,user03,10,0,16,91,0
2026-08-04 22:28:54.343160,user01,11,0,27,28,0
2026-08-04 22:27:54.343165,user03,15,2,18,11,0
2026-08-04 22:26:54.343169,user01,11,2,20,81,0
2026-08-04 22:25:54.343176,user03,17,0,10,16,0
2026-08-04 22:24:54.343180,user04,13,1,16,86,1
2026-08-04 22:23:54.343185,user05,9,2,12,46,0
2026-08-04 22:22:54.343189,user02,10,1,12,19,0
2026-08-04 22:21:54.343194,user04,16,0,10,23,0
2026-08-04 22:20:54.343201,user02,10,0,9,63,0
2026-08-04 22:19:54.343206,user04,10,0,28,26,0
2026-08-04 22:18:54.343210,user05,16,0,16,40,1
2026-08-04 22:17:54.343215,user01,10,1,7,97,0
2026-08-04 22:16:54.343220,user04,16,2,15,87,0
2026-08-04 22:15:54.343224,user01,17,1,16,55,0
2026-08-04 22:14:54.343229,user02,11,0,8,89,0
2026-08-04 22:13:54.343234,user01,15,2,8,75,0
2026-08-04 22:12:54.343239,user05,12,2,13,4,0
2026-08-04 22:11:54.343243,user01,11,1,19,33,1
2026-08-04 22:10:54.343248,user02,13,1,13,45,0
2026-08-04 22:09:54.343253,user03,11,0,9,84,1
2026-08-04 22:08:54.343257,user04,18,1,13,81,0
2026-08-04 22:07:54.343262,user05,17,1,9,60,0
2026-08-04 22:06:54.343266,user04,18,2,7,30,0
2026-08-04 22:05:54.343271,user05,10,1,17,45,1
2026-08-04 22:04:54.343275,user01,15,2,6,77,1
2026-08-04 22:03:54.343280,user03,8,2,9,96,1
2026-08-04 22:02:54.343288,user05,17,2,9,75,0
2026-08-04 22:01:54.343294,user03,18,0,24,91,0
2026-08-04 22:00:54.343299,user04,14,0,25,56,0
2026-08-04 21:59:54.343304,user02,12,1,14,4,0
2026-08-04 21:58:54.343309,user05,14,2,12,66,0
2026-08-04 21:57:54.343314,user01,14,2,15,18,1
2026-08-04 21:56:54.343318,user05,8,0,19,43,0
2026-08-04 21:55:54.343323,user01,8,0,15,67,0
2026-08-04 21:54:54.343328,user05,9,0,27,62,1
2026-08-04 21:53:54.343332,user01,12,2,29,74,0
2026-08-04 21:52:54.343337,user02,15,2,22,60,1
2026-08-04 21:51:54.343342,user02,13,1,7,6,0
2026-08-04 21:50:54.343346,user04,15,1,24,27,0
2026-08-04 21:49:54.343351,user05,14,1,25,83,1
2026-08-04 21:48:54.343355,user01,10,0,11,96,0
2026-08-04 21:47:54.343361,user02,8,2,11,33,0
2026-08-04 21:46:54.343366,user03,12,0,12,66,1
2026-08-04 21:45:54.343370,user03,13,1,28,45,0
2026-08-04 21:44:54.343374,user04,16,1,17,86,0
2026-08-04 21:43:54.343379,user03,15,2,28,97,0
2026-08-04 21:42:54.343383,user05,11,2,7,85,1
2026-08-04 21:41:54.343391,user01,18,2,29,29,0
2026-08-04 21:40:54.343397,user02,11,0,21,50,0
2026-08-04 21:39:54.343402,user05,13,0,17,77,0
2026-08-04 21:38:54.343407,user02,15,0,18,45,0
2026-08-04 21:37:54.343412,user03,17,2,25,2,0
2026-08-04 21:36:54.343417,user04,10,0,20,100,0
2026-08-04 21:35:54.343423,user05,16,2,10,85,0
2026-08-04 21:34:54.343428,user01,10,1,9,37,0
2026-08-04 21:33:54.343432,user03,14,0,30,43,0
2026-08-04 21:32:54.343437,user01,11,1,10,41,0
2026-08-04 21:31:54.343441,user02,11,2,20,22,1
2026-08-04 21:30:54.343444,user02,18,1,25,16,0
2026-08-04 21:29:54.343448,user04,11,2,18,89,1
2026-08-04 21:28:54.343451,user01,17,1,9,77,0
2026-08-04 21:27:54.343455,user04,12,1,8,67,0
2026-08-04 21:26:54.343458,user03,14,2,24,29,1
2026-08-04 21:25:54.343463,user02,16,2,14,25,0
2026-08-04 21:24:54.343466,user04,14,2,26,52,1
2026-08-04 21:23:54.343471,user04,9,0,17,46,1
2026-08-04 21:22:54.343476,user05,15,0,22,23,0
2026-08-04 21:21:54.343481,user01,10,0,19,77,0
2026-08-04 21:20:54.343485,user01,16,0,21,45,0
2026-08-04 21:19:54.343489,user05,18,1,11,66,0
2026-08-04 21:18:54.343492,user02,8,0,17,44,0
2026-08-04 21:17:54.343495,user03,9,1,11,39,0
2026-08-04 21:16:54.343499,user02,13,2,25,67,0
2026-08-04 21:15:54.343502,user03,17,0,14,51,0
2026-08-04 21:14:54.343506,user04,11,0,25,71,0
2026-08-04 21:13:54.343602,user05,18,2,9,44,0
2026-08-04 21:12:54.343612,user04,16,2,30,71,0
2026-08-04 21:11:54.343617,user03,13,0,30,4,0
2026-08-04 21:10:54.343622,user01,13,1,28,56,0
2026-08-04 21:09:54.343626,user04,13,2,8,44,0
2026-08-04 21:08:54.343631,user03,13,1,18,4,0
2026-08-04 21:07:54.343636,user03,15,0,28,67,1
2026-08-04 21:06:54.343641,user01,15,2,17,68,0
2026-08-04 21:05:54.343645,user01,12,1,30,83,0
2026-08-04 21:04:54.343650,user01,12,1,30,20,0
2026-08-04 21:03:54.343656,user03,18,2,18,76,0
2026-08-04 21:02:54.343664,user03,12,1,14,74,0
2026-08-04 21:01:54.343669,user04,8,1,5,6,0
2026-08-04 21:00:54.343674,user04,8,0,30,76,0
2026-08-04 20:59:54.343678,user02,9,2,10,68,1
2026-08-04 20:58:54.343683,user01,18,1,14,1,0
2026-08-04 20:57:54.343687,user03,15,1,22,32,0
2026-08-04 20:56:54.343691,user03,9,1,9,67,0
2026-08-04 20:55:54.343694,user01,17,2,18,1,0
2026-08-04 20:54:54.343698,user03,8,2,25,64,0
2026-08-04 20:53:54.343702,user04,16,1,8,90,0
2026-08-04 20:52:54.343706,user04,12,2,6,69,1
2026-08-04 20:51:54.343711,user04,18,2,23,7,0
2026-08-04 20:50:54.343715,user04,11,0,18,36,1
2026-08-04 20:49:54.343720,user02,14,1,15,33,1
2026-08-04 20:48:54.343724,user02,16,1,19,63,1
2026-08-04 20:47:54.343728,user02,8,2,25,8,1
2026-08-04 20:46:54.343733,user04,8,0,9,72,0
2026-08-04 20:45:54.343738,user05,16,0,20,1,0
2026-08-04 20:44:54.343743,user02,17,1,21,45,0
2026-08-04 20:43:54.343751,user05,13,2,27,98,0
2026-08-04 20:42:54.343756,user01,18,1,29,13,1
2026-08-04 20:41:54.343761,user03,17,2,11,60,1
2026-08-04 20:40:54.343766,user01,16,0,28,49,1
2026-08-04 20:39:54.343770,user04,13,0,20,3,0
2026-08-04 20:38:54.343775,user03,13,2,9,66,0
2026-08-04 20:37:54.343780,user04,15,0,17,34,0
2026-08-04 20:36:54.343801,user01,17,1,11,51,1
2026-08-04 20:35:54.343806,user04,8,2,14,100,0
2026-08-04 20:34:54.343826,user04,12,2,18,18,1
2026-08-04 20:33:54.343832,user01,15,2,25,44,0
2026-08-04 20:32:54.343836,user02,14,1,21,90,0
2026-08-04 20:31:54.343841,user02,13,2,23,28,0
2026-08-04 20:30:54.343846,user05,9,0,25,0,1
2026-08-04 20:29:54.343850,user05,11,2,5,95,0
2026-08-04 20:28:54.343856,user03,17,2,16,50,0
2026-08-04 20:27:54.343862,user01,17,1,12,40,0
2026-08-04 20:26:54.343867,user04,13,1,9,80,1
2026-08-04 20:25:54.343872,user05,13,2,23,31,0
2026-08-04 20:24:54.343877,user01,13,2,15,90,1
2026-08-04 20:23:54.343904,user01,11,0,11,32,0
2026-08-04 20:22:54.343909,user05,12,2,8,38,0
2026-08-04 20:21:54.343914,user02,15,0,27,60,0
2026-08-04 20:20:54.343919,user05,13,2,29,4,0
2026-08-04 20:19:54.343923,user03,14,2,25,69,0
2026-08-04 20:18:54.343929,user03,12,2,24,92,1
2026-08-04 20:17:54.343935,user04,15,1,28,6,0
2026-08-04 20:16:54.343940,user02,16,0,6,89,1
2026-08-04 20:15:54.343944,user04,9,1,18,38,0
2026-08-04 20:14:54.343948,user03,10,1,26,94,0
2026-08-04 20:13:54.343953,user01,13,0,5,90,1
2026-08-04 20:12:54.343959,user01,10,2,19,40,1
2026-08-04 20:11:54.343964,user04,13,1,23,25,0
2026-08-04 20:10:54.343969,user04,14,0,6,4,0
2026-08-04 20:09:54.343974,user02,12,0,29,36,0
2026-08-04 20:08:54.343978,user03,8,2,7,56,0
2026-08-04 20:07:54.343983,user05,15,0,19,3,0
2026-08-04 20:06:54.343988,user03,8,2,9,23,0
2026-08-04 20:05:54.343992,user03,8,1,26,44,0
2026-08-04 20:04:54.343998,user02,18,2,16,25,1
2026-08-04 20:03:54.344003,user02,9,1,21,1,1
2026-08-04 20:02:54.344008,user05,14,2,28,86,1
2026-08-04 20:01:54.344012,user05,8,0,12,60,0
2026-08-04 20:00:54.344017,user04,18,2,24,47,0
2026-08-04 19:59:54.344023,user02,12,2,13,32,0
2026-08-04 19:58:54.344027,user02,17,1,24,81,0
2026-08-04 19:57:54.344032,user01,12,0,22,80,0
2026-08-04 19:56:54.344036,user05,14,2,23,52,1
2026-08-04 19:55:54.344041,user05,14,2,8,94,0
2026-08-04 19:54:54.344046,user04,15,2,28,88,0
2026-08-04 19:53:54.344052,user02,9,2,9,76,0
2026-08-04 19:52:54.344056,user05,12,0,7,63,0
2026-08-04 19:51:54.344060,user02,10,2,7,36,0
2026-08-04 19:50:54.344064,user02,14,0,9,87,1
2026-08-04 19:49:54.344069,user03,14,0,24,38,0
2026-08-04 19:48:54.344074,user03,10,2,7,100,0
2026-08-04 19:47:54.344079,user03,14,0,18,9,0
2026-08-04 19:46:54.344083,user04,8,0,13,98,0
2026-08-04 19:45:54.344087,user03,13,1,30,82,0
2026-08-04 19:44:54.344094,user05,16,1,16,74,1
2026-08-04 19:43:54.344099,user02,11,1,5,72,0
2026-08-04 19:42:54.344104,user03,15,2,30,93,0
2026-08-04 19:41:54.344108,user03,18,0,18,45,0
2026-08-04 19:40:54.344112,user02,9,1,6,10,1
2026-08-04 19:39:54.344116,user05,17,0,27,23,0
2026-08-04 19:38:54.344121,user03,17,0,10,38,1
2026-08-04 19:37:54.344126,user02,16,1,12,55,1
2026-08-04 19:36:54.344130,user05,12,0,18,1,0
2026-08-04 19:35:54.344136,user03,8,2,9,12,0
2026-08-04 19:34:54.344140,user04,14,2,6,38,0
2026-08-04 19:33:54.344146,user04,17,2,10,44,0
2026-08-04 19:32:54.344151,user02,16,0,27,27,0
2026-08-04 19:31:54.344158,user02,15,1,20,58,0
2026-08-04 19:30:54.344163,user01,18,2,16,3,0
2026-08-04 19:29:54.344168,user03,18,2,21,46,0
2026-08-04 19:28:54.344173,user04,12,0,6,98,0
2026-08-04 19:27:54.344178,user04,18,1,23,33,1
2026-08-04 19:26:54.344183,user03,11,2,17,29,0
2026-08-04 19:25:54.344190,user04,13,0,20,68,0
2026-08-04 19:24:54.344194,user04,8,0,29,23,1
2026-08-04 19:23:54.344199,user01,16,1,18,66,1
2026-08-04 19:22:54.344204,user03,17,0,30,49,0
2026-08-04 19:21:54.344209,user05,14,0,29,15,1
2026-08-04 19:20:54.344214,user04,9,2,18,75,0
2026-08-04 19:19:54.344219,user02,10,1,8,59,0
2026-08-04 19:18:54.344224,user04,11,0,27,99,0
2026-08-04 19:17:54.344228,user01,12,2,28,98,0
2026-08-04 19:16:54.344232,user04,16,2,14,10,0
2026-08-04 19:15:54.344237,user03,9,0,9,78,0
2026-08-04 19:14:54.344245,user03,15,1,11,31,0
2026-08-04 19:13:54.344250,user03,18,0,10,60,0
2026-08-04 19:12:54.344255,user04,8,2,6,9,0
2026-08-04 19:11:54.344260,user03,8,0,30,51,0
2026-08-04 19:10:54.344264,user02,10,2,7,95,0
2026-08-04 19:09:54.344269,user02,15,2,9,35,0
2026-08-04 19:08:54.344274,user01,14,2,30,66,1
2026-08-04 19:07:54.344279,user04,9,0,12,91,0
2026-08-04 19:06:54.344284,user05,10,1,28,29,0
2026-08-04 19:05:54.344290,user01,11,0,9,39,0
2026-08-04 19:04:54.344295,user05,18,1,21,63,0
2026-08-04 19:03:54.344300,user05,18,0,15,10,0
2026-08-04 19:02:54.344305,user04,18,1,18,8,0
2026-08-04 19:01:54.344310,user02,9,0,13,6,0
2026-08-04 19:00:54.344315,user04,18,0,9,11,0
2026-08-04 18:59:54.344322,user02,13,0,8,38,1
2026-08-04 18:58:54.344326,user03,8,0,21,66,0
2026-08-04 18:57:54.344331,user05,18,1,14,22,0
2026-08-04 18:56:54.344336,user03,12,0,29,78,1
2026-08-04 18:55:54.344341,user03,13,0,22,1,0
2026-08-04 18:54:54.344345,user02,17,1,14,86,0
2026-08-04 18:53:54.344350,user02,12,2,5,68,1
2026-08-04 18:52:54.344354,user04,14,1,18,74,1
2026-08-04 18:51:54.344359,user03,17,2,16,54,1
2026-08-04 18:50:54.344365,user04,17,2,23,65,1
2026-08-04 18:49:54.344370,user02,12,1,12,98,0
2026-08-04 18:48:54.344375,user05,18,1,8,55,0
2026-08-04 18:47:54.344380,user05,11,1,6,89,0
2026-08-04 18:46:54.344385,user01,13,0,18,26,0
2026-08-04 18:45:54.344391,user05,18,1,8,7,0
2026-08-04 18:44:54.344397,user05,10,2,29,75,0
2026-08-04 18:43:54.344401,user03,14,2,21,59,0
2026-08-04 18:42:54.344406,user03,18,2,11,72,0
2026-08-04 18:41:54.344412,user02,11,0,12,69,0
2026-08-04 18:40:54.344417,user05,15,2,20,50,0
2026-08-04 18:39:54.344422,user05,17,0,6,83,1
2026-08-04 18:38:54.344426,user01,14,1,11,34,0
2026-08-04 18:37:54.344431,user01,13,0,20,90,0
2026-08-04 18:36:54.344436,user01,13,0,24,80,0
2026-08-04 18:35:54.344441,user02,9,2,5,15,0
2026-08-04 18:34:54.344445,user01,18,1,24,53,0
2026-08-04 18:33:54.344450,user03,9,2,12,86,0
2026-08-04 18:32:54.344454,user05,9,1,23,87,0
2026-08-04 18:31:54.344458,user05,18,1,27,41,0
2026-08-04 18:30:54.344463,user05,12,0,12,55,0
2026-08-04 18:29:54.344468,user05,14,2,16,37,0
2026-08-04 18:28:54.344472,user01,11,0,8,18,0
2026-08-04 18:27:54.344477,user04,10,0,11,21,0
2026-08-04 18:26:54.344484,user03,17,0,16,96,0
2026-08-04 18:25:54.344487,user04,17,1,30,81,0
2026-08-04 18:24:54.344492,user04,15,0,21,54,1
2026-08-04 18:23:54.344499,user03,11,0,17,80,0
2026-08-04 18:22:54.344504,user05,13,0,13,29,1
2026-08-04 18:21:54.344508,user01,14,1,21,57,0
2026-08-04 18:20:54.344512,user01,15,0,7,77,1
2026-08-04 18:19:54.344516,user01,17,2,18,49,1
2026-08-04 18:18:54.344520,user03,17,2,21,25,1
2026-08-04 18:17:54.344524,user04,16,2,13,89,0
2026-08-04 18:16:54.344529,user01,10,1,14,44,0
2026-08-04 18:15:54.344533,user04,13,1,17,67,1
2026-08-04 18:14:54.344538,user05,9,2,12,35,0
2026-08-04 18:13:54.344543,user03,14,0,16,95,0
2026-08-04 18:12:54.344547,user05,17,0,9,13,1
2026-08-04 18:11:54.344551,user04,10,0,15,21,0
2026-08-04 18:10:54.344557,user01,10,1,29,35,0
2026-08-04 18:09:54.344560,user03,13,0,30,13,0
2026-08-04 18:08:54.344564,user05,11,0,23,12,1
2026-08-04 18:07:54.344570,user03,8,2,8,87,0
2026-08-04 18:06:54.344574,user02,14,2,24,32,1
2026-08-04 18:05:54.344578,user04,10,2,21,92,0
2026-08-04 18:04:54.344583,user03,13,1,16,1,0
2026-08-04 18:03:54.344588,user02,8,2,28,79,1
2026-08-04 18:02:54.344593,user01,17,0,21,43,0
2026-08-04 18:01:54.344597,user03,15,1,13,4,1
2026-08-04 18:00:54.344601,user02,12,0,10,74,1
2026-08-04 17:59:54.344606,user01,16,1,27,48,1
2026-08-04 17:58:54.344610,user01,16,1,12,61,1
2026-08-04 17:57:54.344615,user02,8,1,11,69,0
2026-08-04 17:56:54.344619,user05,13,1,26,13,0
2026-08-04 17:55:54.344623,user03,16,2,20,59,0
2026-08-04 17:54:54.344628,user03,11,2,22,49,0
2026-08-04 17:53:54.344632,user05,14,2,29,75,0
2026-08-04 17:52:54.344636,user02,17,2,9,41,1
2026-08-04 17:51:54.344640,user01,8,1,10,93,0
2026-08-04 17:50:54.344644,user05,12,1,20,31,1
2026-08-04 17:49:54.344649,user04,9,2,5,16,0
2026-08-04 17:48:54.344654,user03,10,0,5,66,1
2026-08-04 17:47:54.344660,user01,8,0,11,84,0
2026-08-04 17:46:54.344665,user02,13,1,29,80,0
2026-08-04 17:45:54.344669,user05,11,0,25,13,0
2026-08-04 17:44:54.344674,user02,18,2,9,19,0
2026-08-04 17:43:54.344679,user01,15,2,12,64,0
2026-08-04 17:42:54.344683,user01,10,2,27,58,1
2026-08-04 17:41:54.344688,user04,16,0,24,66,0
2026-08-04 17:40:54.344692,user01,18,0,8,42,0
2026-08-04 17:39:54.344697,user03,18,0,21,89,0
2026-08-04 17:38:54.344702,user01,8,0,13,15,1
2026-08-04 17:37:54.344707,user01,8,1,19,0,0
2026-08-04 17:36:54.344711,user01,12,0,26,45,0
2026-08-04 17:35:54.344716,user01,11,1,15,33,0
2026-08-04 17:34:54.344721,user03,18,2,7,28,0
2026-08-04 17:33:54.344725,user01,17,0,11,100,0
2026-08-04 17:32:54.344730,user03,18,1,10,34,0
2026-08-04 17:31:54.344734,user03,14,2,18,84,1
2026-08-04 17:30:54.344739,user05,12,2,29,90,1
2026-08-04 17:29:54.344743,user04,15,2,27,72,1
2026-08-04 17:28:54.344750,user04,11,1,8,24,0
2026-08-04 17:27:54.344755,user05,10,1,5,39,1
2026-08-04 17:26:54.344761,user03,13,0,27,18,1
2026-08-04 17:25:54.344766,user04,14,2,24,66,1
2026-08-04 17:24:54.344771,user05,13,1,26,95,1
2026-08-04 17:23:54.344775,user04,12,2,9,40,0
2026-08-04 17:22:54.344780,user04,8,1,22,56,0
2026-08-04 17:21:54.344785,user05,17,1,14,47,0
2026-08-04 17:20:54.344790,user01,14,2,25,92,1
2026-08-04 17:19:54.344794,user01,14,1,19,44,0
2026-08-04 17:18:54.344799,user01,11,2,10,62,1
2026-08-04 17:17:54.344804,user03,13,0,30,9,0
2026-08-04 17:16:54.344809,user03,18,0,16,18,0
2026-08-04 17:15:54.344813,user03,14,2,28,31,0
2026-08-04 17:14:54.344818,user03,8,0,29,41,0
2026-08-04 17:13:54.344822,user04,16,2,21,96,0
2026-08-04 17:12:54.344827,user05,18,0,6,47,0
2026-08-04 17:11:54.344832,user03,17,0,30,40,1
2026-08-04 17:10:54.344836,user01,10,2,13,23,0
2026-08-04 17:09:54.344841,user01,8,0,14,41,0
2026-08-04 17:08:54.344848,user05,9,0,19,10,0
2026-08-04 17:07:54.344853,user01,11,0,7,93,0
2026-08-04 17:06:54.344859,user05,18,1,22,15,0
2026-08-04 17:05:54.344863,user03,10,1,14,32,0
2026-08-04 17:04:54.344868,user01,14,2,13,38,1
2026-08-04 17:03:54.344873,user01,8,2,18,37,0
2026-08-04 17:02:54.344877,user03,13,2,26,71,0
2026-08-04 17:01:54.344881,user02,15,0,30,23,1
2026-08-04 17:00:54.344887,user04,18,1,16,53,0
2026-08-04 16:59:54.344893,user01,13,0,30,38,0
2026-08-04 16:58:54.344898,user04,13,1,18,87,0
2026-08-04 16:57:54.344902,user02,10,2,26,46,0
2026-08-04 16:56:54.344906,user01,8,0,23,41,1
2026-08-04 16:55:54.344912,user05,15,1,7,51,0
2026-08-04 16:54:54.344917,user05,10,2,7,88,0
2026-08-04 16:53:54.344922,user02,16,1,28,96,0
2026-08-04 16:52:54.344926,user05,17,2,8,85,0
2026-08-04 16:51:54.344930,user01,16,0,9,84,0
2026-08-04 16:50:54.344935,user02,18,1,20,15,1
2026-08-04 16:49:54.344941,user01,9,1,15,84,0
2026-08-04 16:48:54.344946,user02,14,1,6,38,0
2026-08-04 16:47:54.344951,user03,9,1,24,71,1
2026-08-04 16:46:54.344956,user03,18,0,30,39,0
2026-08-04 16:45:54.344960,user04,10,1,20,68,0
2026-08-04 16:44:54.344964,user05,13,2,19,76,0
2026-08-04 16:43:54.344969,user05,15,1,20,68,0
2026-08-04 16:42:54.344973,user01,15,0,12,61,0
2026-08-04 16:41:54.344978,user04,8,1,23,23,1
2026-08-04 16:40:54.344982,user02,8,0,13,88,1
2026-08-04 16:39:54.344987,user02,11,1,11,11,0
2026-08-04 16:38:54.344991,user03,13,1,19,10,0
2026-08-04 16:37:54.344995,user01,15,1,20,86,0
2026-08-04 16:36:54.344999,user03,18,1,6,75,0
2026-08-04 16:35:54.345004,user04,9,1,9,32,0
2026-08-04 16:34:54.345008,user04,12,2,26,77,0
2026-08-04 16:33:54.345013,user05,11,0,17,20,0
2026-08-04 16:32:54.345017,user04,9,0,13,93,0
2026-08-04 16:31:54.345022,user01,11,1,22,20,0
2026-08-04 16:30:54.345027,user04,18,1,25,56,0
2026-08-04 16:29:54.345033,user01,15,1,21,13,0
2026-08-04 16:28:54.345039,user05,10,1,10,40,0
2026-08-04 16:27:54.345043,user03,17,2,7,17,0
2026-08-04 16:26:54.345048,user05,9,0,9,48,1
2026-08-04 16:25:54.345053,user01,8,0,9,57,0
2026-08-04 16:24:54.345058,user02,9,1,16,82,0
2026-08-04 16:23:54.345062,user02,13,0,11,62,0
2026-08-04 16:22:54.345066,user03,17,0,20,59,1
2026-08-04 16:21:54.345071,user01,14,1,27,58,0
2026-08-04 16:20:54.345076,user02,9,2,5,28,0
2026-08-04 16:19:54.345081,user01,18,1,24,34,0
2026-08-04 16:18:54.345085,user05,12,0,6,100,1
2026-08-04 16:17:54.345090,user05,16,1,22,77,1
2026-08-04 16:16:54.345094,user03,17,2,29,76,0
2026-08-04 16:15:54.345099,user03,8,2,26,40,0
2026-08-04 16:14:54.345103,user04,15,1,25,20,0
2026-08-04 16:13:54.345108,user02,17,1,23,51,0
2026-08-04 16:12:54.345112,user04,8,2,9,24,0
2026-08-04 16:11:54.345119,user05,10,1,25,25,0
2026-08-04 16:10:54.345126,user01,14,1,20,86,0
2026-08-04 16:09:54.345131,user02,9,2,25,26,0
2026-08-04 16:08:54.345135,user01,18,0,10,12,1
2026-08-04 16:07:54.345139,user05,9,0,24,20,0
2026-08-04 16:06:54.345144,user04,14,0,8,17,0
2026-08-04 16:05:54.345149,user01,12,0,28,40,0
2026-08-04 16:04:54.345154,user04,14,1,29,51,0
2026-08-04 16:03:54.345158,user04,17,0,23,58,0
2026-08-04 16:02:54.345164,user05,17,1,8,16,0
2026-08-04 16:01:54.345170,user04,9,0,22,78,0
2026-08-04 16:00:54.345175,user04,17,2,24,62,0
2026-08-04 15:59:54.345178,user02,17,1,29,79,0
2026-08-04 15:58:54.345182,user03,17,0,6,41,0
2026-08-04 15:57:54.345186,user03,9,2,19,30,0
2026-08-04 15:56:54.345190,user04,17,1,10,80,0
2026-08-04 15:55:54.345194,user03,13,1,7,93,0
2026-08-04 15:54:54.345198,user02,11,2,14,2,1
2026-08-04 15:53:54.345201,user01,11,2,22,55,0
2026-08-04 15:52:54.345204,user01,10,1,5,73,0
2026-08-04 15:51:54.345208,user04,9,1,25,85,0
2026-08-04 15:50:54.345228,user03,10,2,10,20,0
2026-08-04 15:49:54.345232,user04,16,1,7,60,0
2026-08-04 15:48:54.345236,user02,14,1,9,22,0
2026-08-04 15:47:54.345240,user05,11,0,7,36,0
2026-08-04 15:46:54.345244,user02,9,2,7,81,0
2026-08-04 15:45:54.345248,user02,11,0,6,98,0
2026-08-04 15:44:54.345253,user03,15,0,20,47,0
2026-08-04 15:43:54.345257,user02,12,0,11,76,1
2026-08-04 15:42:54.345263,user03,17,2,7,40,0
2026-08-04 15:41:54.345268,user03,8,0,29,30,0
2026-08-04 15:40:54.345272,user05,12,0,7,96,0
2026-08-04 15:39:54.345277,user02,12,1,29,49,0
2026-08-04 15:38:54.345282,user05,17,2,17,57,1
2026-08-04 15:37:54.345286,user03,18,1,17,99,1
2026-08-04 15:36:54.345291,user03,15,2,18,34,0
2026-08-04 15:35:54.345295,user01,10,1,8,38,0
2026-08-04 15:34:54.345300,user01,8,0,28,39,1
2026-08-04 15:33:54.345304,user03,12,0,14,47,0
2026-08-04 15:32:54.345309,user05,18,1,26,58,1
2026-08-04 15:31:54.345315,user03,11,1,16,88,0
2026-08-04 15:30:54.345320,user05,18,2,29,78,1
2026-08-04 15:29:54.345325,user01,16,0,6,6,0
2026-08-04 15:28:54.345329,user01,10,2,27,36,1
2026-08-04 15:27:54.345333,user03,15,0,14,22,0
2026-08-04 15:26:54.345338,user05,11,2,17,29,1
2026-08-04 15:25:54.345343,user04,9,1,7,49,0
2026-08-04 15:24:54.345347,user01,9,0,28,58,0
2026-08-04 15:23:54.345352,user03,15,1,5,45,0
2026-08-04 15:22:54.345356,user01,15,1,5,91,0
2026-08-04 15:21:54.345361,user03,18,2,28,5,0
2026-08-04 15:20:54.345364,user02,18,1,8,26,1
2026-08-04 15:19:54.345368,user02,16,1,10,46,0
2026-08-04 15:18:54.345372,user04,8,2,22,17,0
2026-08-04 15:17:54.345376,user05,17,1,18,52,0
2026-08-04 15:16:54.345381,user02,9,1,23,64,0
2026-08-04 15:15:54.345388,user02,18,0,27,77,1
2026-08-04 15:14:54.345392,user05,8,0,22,3,0
2026-08-04 15:13:54.345397,user03,13,1,6,8,0
2026-08-04 15:12:54.345401,user02,12,0,22,92,1
2026-08-04 15:11:54.345407,user05,13,1,5,37,0
2026-08-04 15:10:54.345411,user05,18,2,18,33,0
2026-08-04 15:09:54.345416,user03,18,2,27,49,0
2026-08-04 15:08:54.345420,user03,9,2,23,31,0
2026-08-04 15:07:54.345425,user03,10,1,10,2,0
2026-08-04 15:06:54.345430,user01,15,2,11,12,1
2026-08-04 15:05:54.345434,user05,11,2,7,34,1
2026-08-04 15:04:54.345439,user01,18,2,21,19,0
2026-08-04 15:03:54.345443,user03,11,1,17,65,0
2026-08-04 15:02:54.345448,user04,18,0,24,63,1
2026-08-04 15:01:54.345452,user03,14,0,17,28,0
2026-08-04 15:00:54.345457,user02,9,2,21,32,0
2026-08-04 14:59:54.345464,user01,10,0,13,38,0
2026-08-04 14:58:54.345469,user04,9,1,20,5,0
2026-08-04 14:57:54.345473,user05,8,1,24,12,0
2026-08-04 14:56:54.345478,user05,12,0,26,50,0
2026-08-04 14:55:54.345483,user05,16,0,6,9,1
2026-08-04 14:54:54.345487,user04,17,0,14,4,0
2026-08-04 14:53:54.345491,user01,9,0,8,81,0
2026-08-04 14:52:54.345497,user05,10,1,21,60,0
2026-08-04 14:51:54.345502,user02,13,1,26,49,0
2026-08-04 14:50:54.345507,user04,13,2,16,50,0
2026-08-04 14:49:54.345512,user03,15,0,9,88,0
2026-08-04 14:48:54.345516,user05,8,0,25,77,0
2026-08-04 14:47:54.345521,user01,12,2,26,1,1
2026-08-04 14:46:54.345526,user04,10,0,16,51,0
2026-08-04 14:45:54.345531,user01,14,1,12,16,0
2026-08-04 14:44:54.345535,user04,8,2,19,69,0
2026-08-04 14:43:54.345539,user03,17,0,12,72,0
2026-08-04 14:42:54.345544,user03,10,0,26,64,0
2026-08-04 14:41:54.345548,user04,9,2,20,61,0
2026-08-04 14:40:54.345553,user02,11,0,26,42,0
2026-08-04 14:39:54.345557,user05,18,2,11,58,0
2026-08-04 14:38:54.345561,user02,14,1,30,66,1
2026-08-04 14:37:54.345566,user02,16,2,13,17,0
2026-08-04 14:36:54.345574,user01,18,1,13,75,0
2026-08-04 14:35:54.345578,user04,16,0,7,53,0
2026-08-04 14:34:54.345583,user02,16,0,28,23,1
2026-08-04 14:33:54.345587,user03,12,1,11,61,0
2026-08-04 14:32:54.345594,user04,9,2,14,48,0
2026-08-04 14:31:54.345599,user05,13,0,25,31,0
2026-08-04 14:30:54.345605,user04,13,2,14,84,0
2026-08-04 14:29:54.345611,user02,11,0,18,18,0
2026-08-04 14:28:54.345616,user05,11,2,8,33,0
2026-08-04 14:27:54.345621,user03,14,1,28,40,0
2026-08-04 14:26:54.345625,user01,16,1,22,97,1
2026-08-04 14:25:54.345629,user04,8,0,29,34,1
2026-08-04 14:24:54.345634,user01,12,0,27,83,0
2026-08-04 14:23:54.345638,user04,14,0,16,68,0
2026-08-04 14:22:54.345643,user03,17,0,15,71,0
2026-08-04 14:21:54.345647,user02,9,1,28,17,0
2026-08-04 14:20:54.345652,user05,14,1,20,27,0
2026-08-04 14:19:54.345657,user03,12,1,23,71,0
2026-08-04 14:18:54.345661,user03,17,1,17,41,1
2026-08-04 14:17:54.345666,user03,18,2,10,29,1
2026-08-04 14:16:54.345671,user04,10,2,26,49,0
2026-08-04 14:15:54.345677,user05,8,0,24,11,0
2026-08-04 14:14:54.345682,user04,17,1,15,64,1
2026-08-04 14:13:54.345690,user05,9,2,10,12,1
2026-08-04 14:12:54.345694,user01,12,0,8,26,0
2026-08-04 14:11:54.345702,user03,10,0,6,84,0
2026-08-04 14:10:54.345707,user01,11,0,22,26,0
2026-08-04 14:09:54.345711,user01,18,0,11,71,1
2026-08-04 14:08:54.345716,user03,17,1,21,36,0
2026-08-04 14:07:54.345720,user03,12,0,9,41,0
2026-08-04 14:06:54.345725,user05,15,2,19,95,0
2026-08-04 14:05:54.345730,user02,8,2,27,97,0
2026-08-04 14:04:54.345761,user02,10,0,28,40,1
2026-08-04 14:03:54.345777,user03,8,1,24,14,0
2026-08-04 14:02:54.345783,user05,16,0,8,60,1
2026-08-04 14:01:54.345787,user05,12,2,5,49,1
2026-08-04 14:00:54.345791,user02,11,0,15,44,1
2026-08-04 13:59:54.345796,user03,11,1,7,57,0
2026-08-04 13:58:54.345801,user01,8,2,5,17,0
2026-08-04 13:57:54.345805,user05,8,1,16,73,0
2026-08-04 13:56:54.345809,user04,16,2,19,10,0
2026-08-04 13:55:54.345820,user04,14,1,12,70,0
2026-08-04 13:54:54.345824,user02,9,2,12,71,0
2026-08-04 13:53:54.345830,user03,10,0,11,34,1
2026-08-04 13:52:54.345834,user02,18,1,17,72,0
2026-08-04 13:51:54.345838,user02,8,1,13,43,0
2026-08-04 13:50:54.345843,user05,16,2,11,97,1
2026-08-04 13:49:54.345847,user03,9,1,25,55,0
2026-08-04 13:48:54.345851,user03,11,2,22,9,0
2026-08-04 13:47:54.345855,user02,18,0,20,49,0
2026-08-04 13:46:54.345860,user05,16,1,12,28,1
2026-08-04 13:45:54.345864,user04,9,0,22,26,0
2026-08-04 13:44:54.345868,user04,11,2,17,68,1
2026-08-04 13:43:54.345871,user04,8,2,10,13,0
2026-08-04 13:42:54.345874,user02,12,2,25,19,0
2026-08-04 13:41:54.345878,user02,15,1,29,69,0
2026-08-04 13:40:54.345881,user03,12,0,7,87,0
2026-08-04 13:39:54.345884,user03,9,1,24,40,0
2026-08-04 13:38:54.345888,user03,18,1,11,38,0
2026-08-04 13:37:54.345891,user05,13,2,11,48,1
2026-08-04 13:36:54.345894,user02,10,1,26,47,0
2026-08-04 13:35:54.345898,user01,8,0,21,11,0
2026-08-04 13:34:54.345902,user02,11,1,12,21,0
2026-08-04 13:33:54.345905,user04,18,0,20,63,0
2026-08-04 13:32:54.345909,user04,12,0,11,49,0
2026-08-04 13:31:54.345913,user05,9,2,28,98,1
2026-08-04 13:30:54.345916,user03,14,0,26,29,0
2026-08-04 13:29:54.345920,user04,12,2,13,90,0
2026-08-04 13:28:54.345923,user04,15,0,29,68,0
2026-08-04 13:27:54.345926,user01,12,0,23,64,0
2026-08-04 13:26:54.345929,user04,8,1,5,28,0
2026-08-04 13:25:54.345933,user05,14,1,18,93,0
2026-08-04 13:24:54.345936,user02,9,1,9,9,0
2026-08-04 13:23:54.345940,user02,8,2,10,95,0
2026-08-04 13:22:54.345943,user01,13,2,10,71,0
2026-08-04 13:21:54.345947,user04,9,0,25,16,0
2026-08-04 13:20:54.345951,user02,15,0,18,45,0
2026-08-04 13:19:54.345956,user02,10,1,18,63,0
2026-08-04 13:18:54.345959,user04,17,2,24,22,0
2026-08-04 13:17:54.345963,user04,18,2,15,3,1
2026-08-04 13:16:54.345968,user04,15,1,8,57,0
2026-08-04 13:15:54.345971,user02,16,1,12,91,0
2026-08-04 13:14:54.345977,user02,15,1,30,31,0
2026-08-04 13:13:54.345980,user01,14,2,10,43,0
2026-08-04 13:12:54.345984,user04,11,1,20,78,1
2026-08-04 13:11:54.345988,user05,8,2,12,62,0
2026-08-04 13:10:54.345993,user01,18,1,7,87,0
2026-08-04 13:09:54.345997,user05,17,2,29,60,0
2026-08-04 13:08:54.346001,user05,12,0,5,7,1
2026-08-04 13:07:54.346004,user03,17,0,27,89,1
2026-08-04 13:06:54.346007,user03,16,1,26,18,0
2026-08-04 13:05:54.346011,user03,14,0,6,86,0
2026-08-04 13:04:54.346014,user05,17,1,11,52,0
2026-08-04 13:03:54.346019,user02,14,0,23,76,1
2026-08-04 13:02:54.346022,user01,9,0,21,77,0
2026-08-04 13:01:54.346026,user05,9,2,29,23,0
2026-08-04 13:00:54.346029,user03,17,2,15,86,1
2026-08-04 12:59:54.346034,user05,14,0,13,37,0
2026-08-04 12:58:54.346037,user03,10,1,7,57,0
2026-08-04 12:57:54.346040,user03,11,2,18,64,0
2026-08-04 12:56:54.346042,user05,15,0,10,75,0
2026-08-04 12:55:54.346046,user04,10,0,13,47,0
2026-08-04 12:54:54.346049,user04,8,2,17,51,0
2026-08-04 12:53:54.346053,user05,14,2,23,73,0
2026-08-04 12:52:54.346057,user05,16,0,6,18,0
2026-08-04 12:51:54.346063,user02,9,1,28,27,1
2026-08-04 12:50:54.346068,user04,17,2,23,21,0
2026-08-04 12:49:54.346072,user01,17,0,16,62,0
2026-08-04 12:48:54.346077,user03,15,0,14,2,1
2026-08-04 12:47:54.346081,user04,10,2,30,43,0
2026-08-04 12:46:54.346086,user03,16,1,27,44,1
2026-08-04 12:45:54.346091,user03,11,2,24,6,0
2026-08-04 12:44:54.346095,user03,14,1,17,17,0
2026-08-04 12:43:54.346100,user03,10,0,16,33,0
2026-08-04 12:42:54.346104,user02,13,2,6,32,0
2026-08-04 12:41:54.346109,user01,11,0,30,42,0
2026-08-04 12:40:54.346112,user05,17,0,23,69,0
2026-08-04 12:39:54.346117,user04,15,0,28,18,1
2026-08-04 12:38:54.346122,user05,12,2,16,35,0
2026-08-04 12:37:54.346126,user05,10,1,5,99,0
2026-08-04 12:36:54.346131,user05,9,0,26,70,1
2026-08-04 12:35:54.346137,user04,10,1,7,23,0
2026-08-04 12:34:54.346142,user02,13,0,20,43,0
2026-08-04 12:33:54.346146,user03,13,0,21,26,0
2026-08-04 12:32:54.346151,user05,10,1,9,12,0
2026-08-04 12:31:54.346156,user03,15,0,27,55,0
2026-08-04 12:30:54.346160,user03,13,0,23,19,1
2026-08-04 12:29:54.346166,user02,18,0,15,95,1
2026-08-04 12:28:54.346172,user01,10,1,26,32,0
2026-08-04 12:27:54.346177,user03,8,2,23,24,0
2026-08-04 12:26:54.346182,user04,8,0,12,24,0
2026-08-04 12:25:54.346187,user01,15,1,6,98,1
2026-08-04 12:24:54.346192,user01,13,0,21,42,0
2026-08-04 12:23:54.346196,user05,18,2,5,86,0
2026-08-04 12:22:54.346201,user03,11,0,23,34,0
2026-08-04 12:21:54.346206,user01,10,0,15,83,0
2026-08-04 12:20:54.346211,user01,11,1,15,5,0
2026-08-04 12:19:54.346215,user04,10,1,9,2,0
2026-08-04 12:18:54.346220,user03,8,0,20,74,1
2026-08-04 12:17:54.346225,user03,11,0,12,0,0
2026-08-04 12:16:54.346231,user02,13,2,11,31,0
2026-08-04 12:15:54.346237,user01,9,0,9,27,0
2026-08-04 12:14:54.346242,user04,10,1,26,20,1
2026-08-04 12:13:54.346247,user05,13,0,23,28,0
2026-08-04 12:12:54.346251,user03,10,0,19,47,0
2026-08-04 12:11:54.346258,user05,17,0,21,1,0
2026-08-04 12:10:54.346265,user01,11,0,30,70,1
2026-08-04 12:09:54.346270,user02,10,2,14,96,1
2026-08-04 12:08:54.346274,user01,9,2,6,62,0
2026-08-04 12:07:54.346281,user04,14,2,8,0,0
2026-08-04 12:06:54.346286,user03,14,2,29,61,0
2026-08-04 12:05:54.346291,user02,13,0,21,18,0
2026-08-04 12:04:54.346295,user03,16,0,12,41,0
2026-08-04 12:03:54.346300,user02,11,0,12,36,0
2026-08-04 12:02:54.346304,user01,18,1,22,32,0
2026-08-04 12:01:54.346308,user01,10,0,20,68,0
2026-08-04 12:00:54.346313,user05,17,2,26,69,1
2026-08-04 11:59:54.346319,user04,10,0,17,86,1
2026-08-04 11:58:54.346323,user01,12,0,14,83,0
2026-08-04 11:57:54.346329,user01,15,1,18,71,0
2026-08-04 11:56:54.346336,user04,9,1,22,40,0
2026-08-04 11:55:54.346341,user05,17,2,22,4,0
2026-08-04 11:54:54.346347,user04,17,0,10,60,1
2026-08-04 11:53:54.346353,user01,8,1,16,41,0
2026-08-04 11:52:54.346358,user04,10,1,13,88,1
2026-08-04 11:51:54.346362,user02,15,1,5,46,1
2026-08-04 11:50:54.346368,user04,13,2,17,39,0
2026-08-04 11:49:54.346372,user01,14,0,9,5,0
2026-08-04 11:48:54.346379,user03,11,0,15,28,0
2026-08-04 11:47:54.346385,user04,14,2,22,23,0
2026-08-04 11:46:54.346393,user03,16,0,5,27,1
2026-08-04 11:45:54.346398,user01,8,2,16,98,0
2026-08-04 11:44:54.346402,user05,13,0,7,24,0
2026-08-04 11:43:54.346408,user05,13,1,5,11,0
2026-08-04 11:42:54.346414,user04,16,1,21,72,0
2026-08-04 11:41:54.346420,user05,9,1,12,15,0
2026-08-04 11:40:54.346427,user01,13,0,26,91,1
2026-08-04 11:39:54.346438,user05,11,1,25,45,0
2026-08-04 11:38:54.346444,user05,8,2,17,64,0
2026-08-04 11:37:54.346450,user02,9,1,21,97,0
2026-08-04 11:36:54.346457,user02,10,1,10,64,0
2026-08-04 11:35:54.346463,user02,11,2,26,4,0
2026-08-04 11:34:54.346469,user04,17,2,12,55,1
2026-08-04 11:33:54.346474,user03,10,1,18,83,1
2026-08-04 11:32:54.346479,user05,8,0,6,59,0
2026-08-04 11:31:54.346484,user05,8,1,27,45,0
2026-08-04 11:30:54.346489,user05,8,0,28,1,0
2026-08-04 11:29:54.346494,user01,17,2,5,64,1
2026-08-04 11:28:54.346499,user01,10,0,10,83,0
2026-08-04 11:27:54.346505,user04,8,0,16,52,0
2026-08-04 11:26:54.346510,user04,16,2,27,79,0
2026-08-04 11:25:54.346516,user05,18,2,5,17,1
2026-08-04 11:24:54.346521,user03,12,0,7,54,1
2026-08-04 11:23:54.346525,user01,12,0,19,64,0
2026-08-04 11:22:54.346530,user03,8,0,26,30,0
2026-08-04 11:21:54.346536,user03,11,1,6,30,1
2026-08-04 11:20:54.346541,user05,9,1,18,95,0
2026-08-04 11:19:54.346546,user01,10,2,27,24,0
2026-08-04 11:18:54.346551,user03,13,0,12,63,0
2026-08-04 11:17:54.346558,user03,18,1,12,62,0
2026-08-04 11:16:54.346562,user05,9,0,19,68,0
2026-08-04 11:15:54.346569,user02,15,1,12,90,0
2026-08-04 11:14:54.346574,user03,10,2,10,87,0
2026-08-04 11:13:54.346579,user05,9,2,27,62,0
2026-08-04 11:12:54.346583,user04,17,2,16,96,0
2026-08-04 11:11:54.346589,user05,18,0,24,18,0
2026-08-04 11:10:54.346594,user04,11,0,18,69,0
2026-08-04 11:09:54.346599,user04,15,2,20,79,0
2026-08-04 11:08:54.346603,user05,16,0,10,52,0
2026-08-04 11:07:54.346609,user04,18,2,7,80,0
2026-08-04 11:06:54.346613,user01,8,2,11,62,0
2026-08-04 11:05:54.346619,user02,12,2,9,89,0
2026-08-04 11:04:54.346623,user05,8,1,11,32,1
2026-08-04 11:03:54.346628,user04,9,1,21,10,0
2026-08-04 11:02:54.346632,user01,14,0,10,38,1
2026-08-04 11:01:54.346636,user03,8,2,7,70,0
2026-08-04 11:00:54.346642,user01,13,0,14,90,0
2026-08-04 10:59:54.346647,user02,17,1,12,44,1
2026-08-04 10:58:54.346654,user04,14,2,16,78,0
2026-08-04 10:57:54.346660,user03,14,0,16,75,0
2026-08-04 10:56:54.346664,user05,18,1,20,51,0
2026-08-04 10:55:54.346669,user02,15,2,24,8,0
2026-08-04 10:54:54.346675,user04,13,1,22,43,0
2026-08-04 10:53:54.346680,user05,13,0,9,57,0
2026-08-04 10:52:54.346684,user01,9,0,5,54,0
2026-08-04 10:51:54.346690,user05,14,2,26,67,1
2026-08-04 10:50:54.346695,user03,8,1,17,1,0
2026-08-04 10:49:54.346699,user01,18,2,9,31,0
2026-08-04 10:48:54.346704,user01,13,0,14,100,0
2026-08-04 10:47:54.346710,user04,13,1,20,31,0
2026-08-04 10:46:54.346715,user03,16,0,30,5,0
2026-08-04 10:45:54.346720,user04,12,1,11,15,0
2026-08-04 10:44:54.346727,user05,10,0,17,7,0
2026-08-04 10:43:54.346731,user01,12,2,13,70,1
2026-08-04 10:42:54.346736,user02,16,2,20,5,0
2026-08-04 10:41:54.346742,user03,12,1,7,30,0
2026-08-04 10:40:54.346746,user02,18,1,13,77,0
2026-08-04 10:39:54.346751,user01,16,0,16,53,0
2026-08-04 10:38:54.346757,user04,15,2,10,9,0
2026-08-04 10:37:54.346763,user01,13,2,7,58,0
2026-08-04 10:36:54.346768,user01,12,0,24,1,1
2026-08-04 10:35:54.346773,user03,9,2,25,72,0
2026-08-04 10:34:54.346778,user01,16,0,7,60,0
2026-08-04 10:33:54.346783,user02,12,2,30,2,0
2026-08-04 10:32:54.346787,user02,14,2,17,62,0
2026-08-04 10:31:54.346792,user02,15,2,18,36,0
2026-08-04 10:30:54.346797,user04,9,0,10,62,0
2026-08-04 10:29:54.346802,user04,12,2,27,21,0
2026-08-04 10:28:54.346806,user05,18,1,13,91,0
2026-08-04 10:27:54.346810,user04,15,0,6,46,0
2026-08-04 10:26:54.346815,user01,8,2,17,2,1
2026-08-04 10:25:54.346819,user03,18,1,17,90,0
2026-08-04 10:24:54.346824,user01,13,1,10,17,0
2026-08-04 10:23:54.346828,user04,15,2,8,81,0
2026-08-04 10:22:54.346833,user02,12,1,9,99,0
2026-08-04 10:21:54.346840,user02,13,2,22,99,1
2026-08-04 10:20:54.346844,user05,9,2,21,87,1
2026-08-04 10:19:54.346850,user04,9,1,25,82,1
2026-08-04 10:18:54.346855,user01,15,0,29,78,0
2026-08-04 10:17:54.346860,user05,11,1,11,65,0
2026-08-04 10:16:54.346864,user01,10,0,10,28,0
2026-08-04 10:15:54.346869,user04,8,0,27,50,0
2026-08-04 10:14:54.346873,user03,9,0,20,43,0
2026-08-04 10:13:54.346878,user04,8,2,16,12,0
2026-08-04 10:12:54.346882,user04,12,0,17,59,1
2026-08-04 10:11:54.346891,user02,8,0,18,73,0
2026-08-04 10:10:54.346896,user05,12,2,9,78,0
2026-08-04 10:09:54.346900,user03,18,0,8,11,0
2026-08-04 10:08:54.346905,user03,16,1,8,55,0
2026-08-04 10:07:54.346909,user01,14,1,18,94,0
2026-08-04 10:06:54.346913,user03,11,1,30,8,0
2026-08-04 10:05:54.346918,user05,16,0,16,62,0
2026-08-04 10:04:54.346923,user05,14,0,26,87,1
2026-08-04 10:03:54.346928,user01,12,2,19,8,0
2026-08-04 10:02:54.346932,user03,13,1,29,17,0
2026-08-04 10:01:54.346937,user04,16,2,22,74,0
2026-08-04 10:00:54.346942,user03,11,0,24,48,0
2026-08-04 09:59:54.346949,user04,12,0,16,22,0
2026-08-04 09:58:54.346955,user01,10,2,25,31,0
2026-08-04 09:57:54.346960,user05,11,0,20,48,0
2026-08-04 09:56:54.346966,user03,8,1,8,85,0
2026-08-04 09:55:54.346971,user04,8,2,29,40,0
2026-08-04 09:54:54.346975,user04,13,1,29,54,1
2026-08-04 09:53:54.346980,user04,13,1,8,33,0
2026-08-04 09:52:54.346985,user05,14,0,11,68,0
2026-08-04 09:51:54.346991,user05,11,0,8,9,0
2026-08-04 09:50:54.346995,user04,15,0,28,94,0
2026-08-04 09:49:54.347000,user02,8,0,26,80,0
2026-08-04 09:48:54.347004,user04,13,0,29,45,0
2026-08-04 09:47:54.347008,user03,14,2,14,45,0
2026-08-04 09:46:54.347013,user05,15,0,13,84,0
2026-08-04 09:45:54.347019,user03,13,0,16,36,0
2026-08-04 09:44:54.347024,user03,14,0,5,86,0
2026-08-04 09:43:54.347029,user05,9,0,7,20,0
2026-08-04 09:42:54.347033,user03,16,0,20,94,1
2026-08-04 09:41:54.347038,user02,8,2,13,35,0
2026-08-04 09:40:54.347047,user02,16,0,22,86,1
2026-08-04 09:39:54.347052,user04,12,0,24,33,0
2026-08-04 09:38:54.347057,user01,15,0,29,11,1
2026-08-04 09:37:54.347062,user02,12,2,26,47,0
2026-08-04 09:36:54.347067,user05,17,2,21,88,0
2026-08-04 09:35:54.347071,user05,12,0,8,58,0
2026-08-04 09:34:54.347077,user03,18,2,6,38,0
2026-08-04 09:33:54.347082,user05,16,1,22,11,1
2026-08-04 09:32:54.347087,user03,8,1,7,20,0
2026-08-04 09:31:54.347092,user04,15,2,12,66,0
2026-08-04 09:30:54.347097,user02,14,1,26,66,0
2026-08-04 09:29:54.347102,user01,17,2,25,45,1
2026-08-04 09:28:54.347107,user02,17,0,16,22,0
2026-08-04 09:27:54.347111,user02,14,1,19,98,1
2026-08-04 09:26:54.347115,user05,8,0,8,77,0
2026-08-04 09:25:54.347120,user04,10,1,19,95,0
2026-08-04 09:24:54.347125,user02,17,0,9,49,1
2026-08-04 09:23:54.347129,user02,9,2,26,52,0
2026-08-04 09:22:54.347134,user02,11,2,18,66,0
2026-08-04 09:21:54.347139,user03,14,1,10,91,0
2026-08-04 09:20:54.347147,user03,16,2,26,56,0
2026-08-04 09:19:54.347152,user02,12,0,13,74,0
2026-08-04 09:18:54.347156,user04,11,1,26,76,0
2026-08-04 09:17:54.347160,user01,8,2,26,15,0
2026-08-04 09:16:54.347164,user01,14,1,11,12,0
2026-08-04 09:15:54.347169,user05,16,0,9,10,0
2026-08-04 09:14:54.347173,user05,18,0,5,47,0
2026-08-04 09:13:54.347178,user04,18,1,7,83,1
2026-08-04 09:12:54.347182,user05,8,1,10,88,0
2026-08-04 09:11:54.347187,user03,13,0,16,75,1
2026-08-04 09:10:54.347191,user02,8,0,10,98,0
2026-08-04 09:09:54.347195,user05,17,2,14,16,1
2026-08-04 09:08:54.347199,user04,12,0,27,30,0
2026-08-04 09:07:54.347204,user02,12,0,29,23,1
2026-08-04 09:06:54.347209,user04,16,2,7,37,1
2026-08-04 09:05:54.347213,user04,12,1,11,4,0
2026-08-04 09:04:54.347217,user01,11,1,17,3,0
2026-08-04 09:03:54.347221,user03,12,0,10,35,0
2026-08-04 09:02:54.347226,user01,18,0,8,6,1
2026-08-04 09:01:54.347231,user01,12,1,25,48,0
2026-08-04 09:00:54.347236,user04,18,0,23,80,0
2026-08-04 08:59:54.347240,user04,10,2,21,86,1
2026-08-04 08:58:54.347244,user05,8,0,15,73,1
2026-08-04 08:57:54.347248,user01,17,0,27,73,0
2026-08-04 08:56:54.347254,user05,10,2,11,73,0
2026-08-04 08:55:54.347259,user02,18,2,20,15,0
2026-08-04 08:54:54.347263,user01,9,0,17,18,1
2026-08-04 08:53:54.347267,user03,14,1,13,16,0
2026-08-04 08:52:54.347271,user04,11,2,28,49,1
2026-08-04 08:51:54.347275,user05,17,2,24,4,0
2026-08-04 08:50:54.347279,user05,15,0,29,32,0
2026-08-04 08:49:54.347283,user03,13,1,24,25,0
2026-08-04 08:48:54.347287,user02,14,1,15,97,0
2026-08-04 08:47:54.347291,user04,17,2,22,62,0
2026-08-04 08:46:54.347295,user05,12,2,15,33,0
2026-08-04 08:45:54.347299,user05,14,0,10,100,0
2026-08-04 08:44:54.347304,user04,11,2,8,23,0
2026-08-04 08:43:54.347308,user04,11,0,15,76,0
2026-08-04 08:42:54.347312,user02,14,1,19,65,0
2026-08-04 08:41:54.347320,user02,18,0,23,95,0
2026-08-04 08:40:54.347324,user01,8,1,25,97,0
2026-08-04 08:39:54.347328,user04,10,1,17,23,0
2026-08-04 08:38:54.347333,user01,10,2,26,38,0
2026-08-04 08:37:54.347337,user04,15,0,17,16,0
2026-08-04 08:36:54.347343,user05,11,0,11,52,1
2026-08-04 08:35:54.347348,user01,16,1,5,71,1
2026-08-04 08:34:54.347353,user01,18,2,7,35,1
2026-08-04 08:33:54.347357,user01,15,0,22,87,0
2026-08-04 08:32:54.347362,user03,18,1,23,7,0
2026-08-04 08:31:54.347369,user02,17,0,27,75,0
2026-08-04 08:30:54.347375,user02,8,1,23,19,1
2026-08-04 08:29:54.347380,user05,11,0,22,12,1
2026-08-04 08:28:54.347385,user03,17,2,10,36,0
2026-08-04 08:27:54.347389,user04,16,0,6,48,1
2026-08-04 08:26:54.347393,user05,16,0,30,81,0
2026-08-04 08:25:54.347398,user03,18,2,16,93,0
2026-08-04 08:24:54.347402,user05,15,2,15,88,1
2026-08-04 08:23:54.347406,user05,15,2,23,4,0
2026-08-04 08:22:54.347412,user04,12,0,6,86,0
2026-08-04 08:21:54.347417,user01,8,2,8,53,0
2026-08-04 08:20:54.347422,user04,8,0,14,7,0
2026-08-04 08:19:54.347426,user03,9,0,12,99,1
2026-08-04 08:18:54.347431,user03,16,2,24,74,1
2026-08-04 08:17:54.347436,user05,10,1,10,97,0
2026-08-04 08:16:54.347440,user02,8,0,13,39,1
2026-08-04 08:15:54.347445,user02,17,0,28,70,1
2026-08-04 08:14:54.347449,user01,11,0,25,1,0
2026-08-04 08:13:54.347454,user01,12,2,26,64,1
2026-08-04 08:12:54.347458,user05,8,2,14,43,0
2026-08-04 08:11:54.347463,user04,14,0,19,76,0
2026-08-04 08:10:54.347466,user03,10,2,15,20,1
2026-08-04 08:09:54.347471,user01,12,2,17,5,0
2026-08-04 08:08:54.347475,user02,10,1,5,12,0
2026-08-04 08:07:54.347480,user05,12,2,6,36,1
2026-08-04 08:06:54.347484,user04,17,2,15,46,1
2026-08-04 08:05:54.347488,user03,14,1,11,16,0
2026-08-04 08:04:54.347492,user02,8,1,19,18,1
2026-08-04 08:03:54.347496,user02,10,0,15,89,0
2026-08-04 08:02:54.347523,user03,10,2,18,76,0
2026-08-04 08:01:54.347527,user04,15,2,18,81,1
2026-08-04 08:00:54.347560,user04,10,2,9,65,0
2026-08-04 07:59:54.347567,user04,18,2,28,31,0
2026-08-04 07:58:54.347571,user03,15,1,10,60,0
2026-08-04 07:57:54.347575,user05,8,1,26,97,0
2026-08-04 07:56:54.347579,user01,8,2,27,48,1
2026-08-04 07:55:54.347583,user03,12,0,30,54,1
2026-08-04 07:54:54.347587,user01,14,2,22,95,0
2026-08-04 07:53:54.347591,user03,15,1,19,100,1
2026-08-04 07:52:54.347595,user05,10,1,26,73,0
2026-08-04 07:51:54.347600,user02,15,0,27,27,0
2026-08-04 07:50:54.347605,user01,9,2,29,14,1
2026-08-04 07:49:54.347609,user01,10,0,23,31,0
2026-08-04 07:48:54.347614,user02,9,1,19,62,0
2026-08-04 07:47:54.347618,user05,10,0,23,1,0
2026-08-04 07:46:54.347622,user02,9,1,10,56,0
2026-08-04 07:45:54.347626,user04,18,0,17,49,0
2026-08-04 07:44:54.347630,user02,16,2,5,67,1
2026-08-04 07:43:54.347635,user01,16,2,30,14,0
2026-08-04 07:42:54.347639,user01,15,1,9,98,1
2026-08-04 07:41:54.347643,user01,15,2,15,18,1
2026-08-04 07:40:54.347647,user04,18,0,5,99,0
2026-08-04 07:39:54.347651,user02,13,1,22,60,0
2026-08-04 07:38:54.347655,user03,12,1,25,89,0
2026-08-04 07:37:54.347659,user05,15,1,26,39,0
2026-08-04 07:36:54.347663,user01,18,1,16,35,0
2026-08-04 07:35:54.347668,user05,16,2,19,29,0
2026-08-04 07:34:54.347672,user04,18,0,15,23,0
2026-08-04 07:33:54.347676,user02,16,1,6,92,0
2026-08-04 07:32:54.347681,user03,9,1,17,74,0
2026-08-04 07:31:54.347686,user04,13,1,23,100,0
2026-08-04 07:30:54.347694,user03,16,0,8,22,0
2026-08-04 07:29:54.347698,user05,13,2,10,100,0
2026-08-04 07:28:54.347702,user05,17,2,29,22,0
2026-08-04 07:27:54.347706,user05,17,2,5,13,0
2026-08-04 07:26:54.347711,user03,13,1,5,21,0
2026-08-04 07:25:54.347715,user02,11,0,17,23,1
2026-08-04 07:24:54.347720,user03,13,2,17,2,0
2026-08-04 07:23:54.347725,user03,14,0,9,89,1
2026-08-04 07:22:54.347728,user02,9,2,25,0,0
2026-08-04 07:21:54.347732,user05,13,2,19,93,0
2026-08-04 07:20:54.347736,user03,16,1,8,70,0
2026-08-04 07:19:54.347740,user02,11,1,17,100,1
2026-08-04 07:18:54.347744,user04,18,1,22,5,1
2026-08-04 07:17:54.347749,user02,10,0,23,95,0
2026-08-04 07:16:54.347753,user02,12,2,8,68,0
2026-08-04 07:15:54.347757,user02,16,1,9,68,0
2026-08-04 07:14:54.347761,user05,12,2,20,14,1
2026-08-04 07:13:54.347765,user03,12,0,19,61,1
2026-08-04 07:12:54.347770,user04,18,1,26,28,0
2026-08-04 07:11:54.347774,user02,9,0,8,89,0
2026-08-04 07:10:54.347778,user03,15,0,15,0,0
2026-08-04 07:09:54.347782,user05,11,2,17,13,0
2026-08-04 07:08:54.347786,user01,9,2,12,60,0
2026-08-04 07:07:54.347790,user03,11,1,9,38,0
2026-08-04 07:06:54.347794,user03,11,0,28,37,1
2026-08-04 07:05:54.347798,user02,15,1,11,87,0
2026-08-04 07:04:54.347801,user02,14,1,18,55,0
2026-08-04 07:03:54.348351,user04,9,2,21,4,1
2026-08-04 07:02:54.348381,user04,11,2,12,50,0
2026-08-04 07:01:54.348386,user01,10,2,16,61,0
2026-08-04 07:00:54.348391,user02,15,0,10,48,0
2026-08-04 06:59:54.348395,user03,15,1,24,34,1
2026-08-04 06:58:54.348399,user03,18,2,25,14,0
2026-08-04 06:57:54.348404,user04,16,1,8,86,0
2026-08-04 06:56:54.348409,user03,16,2,19,82,1
2026-08-04 06:55:54.348413,user05,11,0,27,28,1
2026-08-04 06:54:54.348417,user01,17,1,12,97,1
2026-08-04 06:53:54.348421,user05,14,0,22,69,0
2026-08-04 06:52:54.348425,user04,12,2,25,89,1
2026-08-04 06:51:54.348429,user04,16,1,21,42,0
2026-08-04 06:50:54.348433,user01,14,1,30,61,0
2026-08-04 06:49:54.348438,user01,9,1,12,32,0
2026-08-04 06:48:54.348442,user05,8,2,15,40,0
2026-08-04 06:47:54.348446,user01,14,0,5,40,0
2026-08-04 06:46:54.348450,user03,10,2,13,63,0
2026-08-04 06:45:54.348454,user01,13,2,7,89,0
2026-08-04 06:44:54.348459,user04,18,2,25,42,0
2026-08-04 06:43:54.348463,user05,8,0,29,33,0
2026-08-04 06:42:54.348467,user01,16,1,29,97,1
2026-08-04 06:41:54.348472,user02,11,1,14,31,0
2026-08-04 06:40:54.348476,user01,18,0,7,86,0
2026-08-04 06:39:54.348488,user04,17,0,23,59,0
2026-08-04 06:38:54.348492,user04,15,2,5,97,0
2026-08-04 06:37:54.348497,user02,13,0,10,5,0
2026-08-04 06:36:54.348501,user04,9,1,11,69,0
2026-08-04 06:35:54.358973,user02,9,0,27,70,0
2026-08-04 06:34:54.359567,user04,8,1,5,28,0
2026-08-04 06:33:54.359588,user02,13,2,27,83,0
2026-08-04 06:32:54.359594,user05,10,0,26,54,0
2026-08-04 06:31:54.359598,user03,9,2,18,9,0
2026-08-04 06:30:54.359603,user02,17,0,16,61,0
2026-08-04 06:29:54.359609,user03,12,2,27,28,1
2026-08-04 06:28:54.359613,user03,11,2,19,81,0
2026-08-04 06:27:54.359618,user03,15,0,27,45,0
2026-08-04 06:26:54.359911,user02,16,1,6,76,0
2026-08-04 06:25:54.359928,user03,18,1,8,84,0
2026-08-04 06:24:54.359934,user05,8,1,11,15,0
2026-08-04 06:23:54.359939,user05,10,2,5,0,0
2026-08-04 06:22:54.359944,user02,9,1,23,87,1
2026-08-04 06:21:54.359949,user02,17,0,10,61,0
2026-08-04 06:20:54.359953,user01,15,1,24,97,0
2026-08-04 06:19:54.359958,user03,9,0,21,74,0
2026-08-04 06:18:54.359963,user02,8,2,24,88,1
2026-08-04 06:17:54.359968,user04,16,2,12,38,0
2026-08-04 06:16:54.359974,user04,11,0,14,50,0
2026-08-04 06:15:54.359978,user01,9,2,28,42,1
2026-08-04 06:14:54.359983,user04,8,2,26,90,0
2026-08-04 06:13:54.359987,user03,12,2,19,87,0
2026-08-04 22:52:54.359991,user03,2,12,700,5000,1
2026-08-04 22:52:54.359994,test_normal,10,0,15,20,0
2026-08-04 22:52:54.359995,test_night_login,2,0,15,20,0
2026-08-04 22:52:54.359996,test_failed_logins,10,10,15,20,0
2026-08-04 22:52:54.359997,test_file_access,11,0,500,20,0
2026-08-04 22:52:54.359998,test_large_download,11,0,20,5000,0
2026-08-04 22:52:54.359999,test_critical,2,12,700,5000,1
